ID,resname,resid,x_1,y_1,z_1,x_2,y_2,z_2,x_3,y_3,z_3,x_4,y_4,z_4,x_5,y_5,z_5
R1107,G,1,-9.909340371294194,26.66889479421855,10.96863617319492,-1e+18,-1e+18,-1e+18,-1e+18,-1e+18,-1e+18,-1e+18,-1e+18,-1e+18,-1e+18,-1e+18,-1e+18
R1108,G,2,-25.752000808715835,28.854000091552706,8.548000335693377,-1e+18,-1e+18,-1e+18,-1e+18,-1e+18,-1e+18,-1e+18,-1e+18,-1e+18,-1e+18,-1e+18,-1e+18
R1116,G,3,-5.947778255875269,26.179397581275513,21.501300240829785,-1e+18,-1e+18,-1e+18,-1e+18,-1e+18,-1e+18,-1e+18,-1e+18,-1e+18,-1e+18,-1e+18,-1e+18
